{
  "0.85": {
    "threshold": 0.49155616760253906,
    "deferral_rate": 0.36100278551532033,
    "automation_rate": 0.6389972144846796,
    "ai_accuracy": 0.9856146469049695,
    "system_accuracy": 0.9428969359331476,
    "human_accuracy": 0.85,
    "ai_errors": 66,
    "total_cost": 9192.0,
    "cost_ai_errors": 6600.0,
    "cost_human_reviews": 2592.0
  },
  "0.9": {
    "threshold": 0.49155616760253906,
    "deferral_rate": 0.36100278551532033,
    "automation_rate": 0.6389972144846796,
    "ai_accuracy": 0.9856146469049695,
    "system_accuracy": 0.95974930362117,
    "human_accuracy": 0.9,
    "ai_errors": 66,
    "total_cost": 9192.0,
    "cost_ai_errors": 6600.0,
    "cost_human_reviews": 2592.0
  },
  "0.95": {
    "threshold": 0.49155616760253906,
    "deferral_rate": 0.36100278551532033,
    "automation_rate": 0.6389972144846796,
    "ai_accuracy": 0.9856146469049695,
    "system_accuracy": 0.9735376044568245,
    "human_accuracy": 0.95,
    "ai_errors": 66,
    "total_cost": 9192.0,
    "cost_ai_errors": 6600.0,
    "cost_human_reviews": 2592.0
  },
  "0.98": {
    "threshold": 0.49155616760253906,
    "deferral_rate": 0.36100278551532033,
    "automation_rate": 0.6389972144846796,
    "ai_accuracy": 0.9856146469049695,
    "system_accuracy": 0.9838440111420613,
    "human_accuracy": 0.98,
    "ai_errors": 66,
    "total_cost": 9192.0,
    "cost_ai_errors": 6600.0,
    "cost_human_reviews": 2592.0
  }
}