{
  "mean": 0.5827288627624512,
  "std": 0.2635309100151062,
  "median": 0.4520307183265686,
  "min": 0.0,
  "max": 1.8527886867523193,
  "q25": 0.4295858144760132,
  "q75": 0.6211119890213013,
  "histogram_bins": 10,
  "histogram": [
    