{
  "accuracy": 0.8903899721448468,
  "balanced_accuracy": 0.8640646337228963,
  "precision": 0.893682035731431,
  "recall": 0.8903899721448468,
  "f1_score": 0.8903174704468215,
  "cross_entropy_loss": 0.3698789179325104,
  "error_rate": 0.10961002785515317
}